{"cameraMode":{"drawMode":0,"name":"Shaded","section":"Shading Mode"},"sceneLighting":true,"audioPlay":false,"sceneViewState":{"showFog":true,"showMaterialUpdate":true,"showSkybox":true,"showFlares":true,"showImageEffects":true,"showParticleSystems":true,"showVisualEffectGraphs":true,"m_FxEnabled":true},"in2DMode":false,"pivot":{"x":0.1872408390045166,"y":-0.06281048059463501,"z":-0.31352460384368899},"rotation":{"x":-0.24827760457992555,"y":0.46727055311203005,"z":-0.1385681927204132,"w":-0.8371376991271973},"size":6.03440523147583,"orthographic":false}